{"cameraMode":{"drawMode":0,"name":"Shaded","section":"Shading Mode"},"sceneLighting":false,"audioPlay":false,"sceneViewState":{"showFog":true,"showMaterialUpdate":false,"showSkybox":true,"showFlares":true,"showImageEffects":true,"showParticleSystems":true},"in2DMode":false,"pivot":{"x":-1.9500000476837159,"y":-1.0700000524520875,"z":0.0},"rotation":{"x":0.13428281247615815,"y":-0.22444774210453034,"z":0.031242797151207925,"w":0.964684009552002},"size":37.14917755126953,"orthographic":false}